2026-03-18 17:04:14,21.1,46.5,71
2026-03-18 17:04:15,21.1,45.6,72
2026-03-18 17:04:16,20.9,44.9,73
2026-03-18 17:04:17,20.9,45.1,73
2026-03-18 17:04:18,20.6,44.9,74
2026-03-18 17:04:19,20.5,43.9,73
2026-03-18 17:04:20,20.2,43.5,73
2026-03-18 17:04:21,20.0,43.1,71
2026-03-18 17:04:22,20.3,42.0,69
2026-03-18 17:04:23,20.4,42.6,68
2026-03-18 17:04:24,20.1,43.6,67
2026-03-18 17:04:25,20.3,42.9,69
2026-03-18 17:04:26,20.4,42.7,67
2026-03-18 17:04:27,20.0,42.0,67
2026-03-18 17:04:28,19.7,41.3,67
2026-03-18 17:04:29,20.1,42.4,65
2026-03-18 17:04:30,20.0,42.1,64
2026-03-18 17:04:31,20.2,42.0,65
2026-03-18 17:04:32,20.0,43.0,63
2026-03-18 17:04:33,20.1,43.5,63
2026-03-18 17:04:34,20.3,44.6,62
2026-03-18 17:04:35,20.1,44.5,60
2026-03-18 17:04:36,20.4,45.2,61
2026-03-18 17:04:37,20.5,46.0,60
2026-03-18 17:04:38,20.4,46.3,60
2026-03-18 17:04:39,20.5,46.1,58
2026-03-18 17:04:40,20.1,46.5,60
2026-03-18 17:04:41,19.8,45.5,59
2026-03-18 17:04:42,20.0,46.4,58
2026-03-18 17:04:43,19.6,46.9,60
2026-03-18 17:04:44,19.3,45.9,58
2026-03-18 17:04:45,19.2,45.5,59
2026-03-18 17:04:47,19.4,46.5,59
2026-03-18 17:04:48,19.4,45.5,57
2026-03-18 17:04:49,19.4,45.3,55
2026-03-18 17:04:50,19.3,45.2,57
2026-03-18 17:04:51,19.5,44.8,59
2026-03-18 17:04:52,19.6,45.0,60
2026-03-18 17:04:53,19.7,45.9,60
2026-03-18 17:04:54,19.6,46.8,61
2026-03-18 17:04:55,19.3,47.3,62
2026-03-18 17:04:56,19.5,47.3,63
2026-03-18 17:04:57,19.5,47.6,61
2026-03-18 17:04:58,19.4,46.6,60
2026-03-18 17:04:59,19.1,45.9,61
2026-03-18 17:05:00,19.2,45.2,60
2026-03-18 17:05:01,19.1,45.3,58
2026-03-18 17:05:02,19.3,44.4,60
2026-03-18 17:05:03,19.2,43.6,62
2026-03-18 17:05:04,19.0,44.7,63
2026-03-18 17:05:05,18.9,44.0,65
2026-03-18 17:05:06,18.6,44.2,64
2026-03-18 17:05:07,18.3,44.8,63
2026-03-18 17:05:08,18.3,45.6,61
2026-03-18 17:05:09,18.0,45.3,59
2026-03-18 17:05:10,18.3,45.6,59
2026-03-18 17:05:11,18.5,46.6,61
2026-03-18 17:05:12,18.8,47.0,62
2026-03-18 17:05:14,18.5,48.1,61
2026-03-18 17:05:15,18.2,49.2,61
2026-03-18 17:05:16,18.5,48.7,63
2026-03-18 17:05:17,18.7,48.9,63
2026-03-18 17:05:18,18.6,49.1,64
2026-03-18 17:05:19,18.6,49.3,65
2026-03-18 17:05:20,18.6,49.3,67
2026-03-18 17:05:21,18.7,48.8,66
2026-03-18 17:05:22,18.6,49.0,66
2026-03-18 17:05:23,18.6,48.5,64
2026-03-18 17:05:24,18.6,48.9,64
2026-03-18 17:05:25,19.0,48.8,66
2026-03-18 17:05:26,18.9,48.9,66
2026-03-18 17:05:27,18.6,48.5,64
2026-03-18 17:05:28,18.7,49.5,65
2026-03-18 17:05:29,18.9,48.6,66
2026-03-18 17:05:31,18.8,48.7,66
2026-03-18 17:05:32,18.5,49.3,66
2026-03-18 17:05:33,18.7,48.4,68
2026-03-18 17:05:34,18.7,48.6,68
2026-03-18 17:05:35,18.7,49.7,66
2026-03-18 17:05:36,18.4,49.0,67
2026-03-18 17:05:37,18.2,48.9,68
2026-03-18 17:05:38,18.2,49.6,67
2026-03-18 17:05:39,18.1,48.5,68
2026-03-18 17:05:40,18.3,49.3,70
2026-03-18 17:05:41,18.3,49.6,68
2026-03-18 17:05:43,18.2,50.1,68
2026-03-18 17:05:44,18.0,49.0,66
2026-03-18 17:05:45,17.8,49.5,65
2026-03-18 17:05:46,17.5,49.9,66
2026-03-18 17:05:47,17.1,49.3,67
2026-03-18 17:05:48,17.3,49.2,67
2026-03-18 17:05:49,17.4,49.5,67
2026-03-18 17:05:50,17.3,50.2,68
2026-03-18 17:05:51,17.0,49.4,67
2026-03-18 17:05:52,17.2,48.4,65
2026-03-18 17:05:53,17.0,47.6,67
2026-03-18 17:05:54,17.3,46.6,69
2026-03-18 17:05:55,16.9,47.5,68
2026-03-18 17:05:56,16.9,46.5,67
2026-03-18 17:05:57,17.2,46.1,69
2026-03-18 17:05:58,16.9,46.7,69
2026-03-18 17:05:59,16.8,46.7,70
2026-03-18 17:06:00,16.9,47.4,71
2026-03-18 17:06:01,17.1,48.0,73
2026-03-18 17:06:02,17.3,49.1,72
2026-03-18 17:06:03,17.1,49.9,74
2026-03-18 17:06:04,17.2,50.3,73
2026-03-18 17:06:05,16.9,50.1,71
2026-03-18 17:06:06,16.7,49.8,73
2026-03-18 17:06:07,16.5,49.8,72
2026-03-18 17:06:08,16.4,49.1,71
2026-03-18 17:06:09,16.1,48.5,70
2026-03-18 17:06:10,16.3,47.4,72
2026-03-18 17:06:11,16.4,47.9,74
2026-03-18 17:06:12,16.5,48.8,74
2026-03-18 17:06:14,16.1,47.9,76
2026-03-18 17:06:15,16.1,47.6,77
2026-03-18 17:06:16,16.4,48.7,77
2026-03-18 17:06:17,16.3,48.0,79
2026-03-18 17:06:18,16.3,47.4,80
2026-03-18 17:06:19,16.0,47.1,78
2026-03-18 17:06:20,16.0,46.4,79
2026-03-18 17:06:21,16.0,46.2,78
2026-03-18 17:06:22,16.0,47.4,79
2026-03-18 17:06:23,16.0,48.2,79
2026-03-18 17:06:24,16.3,48.5,81
2026-03-18 17:06:25,16.3,48.9,83
2026-03-18 17:06:26,16.4,49.6,83
2026-03-18 17:06:27,16.3,50.1,83
2026-03-18 17:06:28,16.1,49.9,82
2026-03-18 17:06:29,16.0,49.1,83
2026-03-18 17:06:30,16.2,49.4,84
2026-03-18 17:06:31,16.2,48.5,84
2026-03-18 17:06:32,16.0,49.4,83
2026-03-18 17:06:33,16.0,48.8,85
2026-03-18 17:06:34,16.0,48.0,83
2026-03-18 17:06:35,16.1,47.7,83
2026-03-18 17:06:36,16.0,48.0,82
2026-03-18 17:06:37,16.2,47.5,84
2026-03-18 17:06:38,16.1,46.4,83
2026-03-18 17:06:39,16.3,46.9,82
2026-03-18 17:06:40,16.4,47.7,82
2026-03-18 17:06:42,16.2,48.2,82
2026-03-18 17:06:43,16.5,48.0,84
2026-03-18 17:06:44,16.7,48.1,84
2026-03-18 17:06:45,16.4,47.1,83
2026-03-18 17:06:46,16.4,46.8,82
2026-03-18 17:06:47,16.4,46.4,81
2026-03-18 17:06:48,16.2,47.4,80
2026-03-18 17:06:49,16.3,47.0,82
2026-03-18 17:06:50,16.0,46.8,80
2026-03-18 17:06:51,16.0,46.2,80
2026-03-18 17:06:52,16.2,46.6,82
2026-03-18 17:06:53,16.0,45.4,83
2026-03-18 17:06:54,16.0,46.6,82
2026-03-18 17:06:55,16.3,45.9,80
2026-03-18 17:06:56,16.4,44.9,81
2026-03-18 17:06:57,16.1,44.9,82
2026-03-18 17:06:58,16.0,45.9,82
2026-03-18 17:06:59,16.0,46.2,84
2026-03-18 17:07:00,16.1,46.4,86
2026-03-18 17:07:01,16.0,46.7,88
2026-03-18 17:07:02,16.1,47.1,89
2026-03-18 17:07:03,16.1,47.9,87
2026-03-18 17:07:04,16.0,49.0,88
2026-03-18 17:07:05,16.0,49.3,90
2026-03-18 17:07:06,16.0,48.7,90
2026-03-18 17:07:07,16.0,48.5,90
2026-03-18 17:07:08,16.0,49.2,89
2026-03-18 17:07:10,16.0,50.1,88
